Trade Date,Open (Rs.),High (Rs.),Low (Rs.),Close (Rs.),TradeVolume,ShareVolume,Turnover (Rs.)
10/31/25,62.5,63.8,61.5,62,73,107258,6650202.4
10/30/25,61.5,62.5,61,62.4,113,84127,5193253.5
10/29/25,62,62,60.5,61,108,61846,3776050.7
10/28/25,61.5,62,60.5,61.5,188,163986,10025272.3
10/27/25,62.4,62.4,61.5,61.6,81,51457,3187232.8
10/24/25,61.7,61.7,61.5,61.5,98,267045,16429181.6
10/23/25,61.8,62,61.2,61.5,165,256475,15806831.7
10/22/25,62,62,61.2,61.9,148,132553,8163079.1
10/21/25,63,63,62,62.2,243,219772,13713083.3
10/17/25,63,63.5,62.6,63.1,85,126552,8015484.4
10/16/25,63.5,63.7,63.1,63.2,57,23107,1463326.8
10/15/25,63.5,64,63,63.2,79,14658,933404.3
10/14/25,63.5,63.9,62.5,62.7,145,257360,16360882.5
10/13/25,64,64.4,62,63.5,234,162307,10264188.4
10/10/25,65.5,66,64.2,64.5,147,264667,17136426
10/9/25,66.8,66.8,65.1,65.5,121,96357,6337182.3
10/8/25,67,67.5,65,66.5,310,397432,26378313.8
10/7/25,62.7,67.4,62.3,66.6,532,1908665,123390388.5
10/3/25,60,64,59.7,62.9,589,3519937,212748887.1
10/2/25,57,59.1,56.5,58.7,266,956889,55215425.8
10/1/25,55.8,58,55.8,56.9,193,545746,31153485.3
9/30/25,55,55.7,54.5,55,163,627495,34479938.7
9/29/25,55.5,55.7,54.5,55,195,1165507,64119799.7
9/26/25,56,56.9,55,55.4,381,1108653,61787306.5
9/25/25,48,59,48,55.9,1155,3958438,214634346.7
9/24/25,46.3,48.2,46.3,47.2,249,714404,33589973.4
9/23/25,46,46.3,45.9,46.3,53,48512,2239047.7
9/22/25,46.2,46.2,45.8,46,67,30920,1420631
9/19/25,46.3,46.4,45.8,46,62,115464,5311565.5
9/18/25,45.9,46.4,45.8,46.2,53,41363,1909214.4
9/17/25,45.5,46.1,45.5,46,65,165106,7593325.8
9/16/25,45.3,45.9,44.9,45.3,90,124895,5643677.8
9/15/25,45.9,45.9,44.9,45,106,50930,2294770
9/12/25,46,46,45.3,45.3,56,21231,966885.1
9/11/25,46.4,46.4,45.5,45.5,88,1733126,78871810.8
9/10/25,46.2,46.4,45,46.2,128,402313,18221160.3
9/9/25,46,46.8,45.9,46,149,704598,32609160
9/8/25,46,46,45.5,45.5,101,42611,1940686.2
9/4/25,46.5,46.8,45.6,45.8,58,25671,1179383.9
9/3/25,46.9,46.9,45.5,45.5,62,45530,2089687.5
9/2/25,46,46.2,45,46,157,133593,6122674.1
9/1/25,46.8,47,46.4,46.5,187,153159,7153251.5
8/29/25,47,47,46.6,46.7,79,122930,5755290
8/28/25,47.2,47.2,46.5,47,96,176840,8309356.2
8/27/25,46.7,47.1,46,47,148,366366,17187108.7
8/26/25,46.8,46.8,46,46.7,137,107965,4995332.7
8/25/25,46.2,46.8,46,46.3,204,137490,6376649.4
8/22/25,46.2,46.2,45.7,46,47,1290040,59837584.9
8/21/25,45.6,46.1,45.6,46,78,221811,10201152
8/20/25,46,46.1,45.5,45.6,110,158688,7288318.8
8/19/25,46.1,46.1,45.6,45.7,81,36974,1693246.2
8/18/25,45.7,46.2,45.6,46,122,283534,13034361.6
8/15/25,45.5,45.6,45,45.4,109,137374,6226911.6
8/14/25,45.3,45.5,45.1,45.5,60,28601,1294304.2
8/13/25,45.2,45.3,45.1,45.2,65,40560,1833989
8/12/25,45.5,45.5,45.2,45.3,64,9999,453309.8
8/11/25,45.2,45.6,45.1,45.4,74,19375,877252.2
8/7/25,45.6,45.6,45.2,45.3,42,9659,437974
8/6/25,46,46,45,45.1,139,95184,4314258.6
8/5/25,46.3,46.3,45.9,46,50,244347,11254658.8
8/4/25,46.2,46.5,45.8,46.3,102,284357,13159073.4
8/1/25,45.8,46.3,45.5,46.2,104,545629,25208251.9
7/31/25,45.1,46,45,45.8,82,282951,12822451.8
7/30/25,45.6,45.6,45,45.1,69,111726,5034088.8
7/29/25,45.4,45.7,45,45.2,65,325605,14810396.1
7/28/25,45.4,45.7,45.1,45.4,78,152886,6933248.2
7/25/25,45,45.2,44.7,45,100,1349345,60720615.4
7/24/25,45.3,45.5,44.9,45,108,157483,7097838.9
7/23/25,45,45.4,44.8,45.2,49,29307,1321938.7
7/22/25,44.9,45,44.4,44.5,167,397245,17684074.6
7/21/25,44.9,45,44.6,44.9,85,215315,9668307.7
7/18/25,44.8,44.9,44.7,44.8,98,141331,6338610.6
7/17/25,45,45,44.8,44.8,107,209022,9382829.3
7/16/25,45.2,45.6,44.8,45,136,1911246,86024860.7
7/15/25,46.2,46.4,45.1,45.2,164,295356,13388011.4
7/14/25,45.5,46.1,45.5,46.1,154,362406,16553297.7
7/11/25,44.5,45.7,44.5,45.2,138,176428,7956051.9
7/9/25,45,45,44.5,44.6,48,237949,10653504.6
7/8/25,44.6,45,43.9,44.7,70,75238,3331317.4
7/7/25,44,45,43.9,44.6,87,79763,3556584.8
7/4/25,45,45,44,45,133,499364,22407875.5
7/3/25,45,45.3,44.6,44.8,118,78760,3538288.4
7/2/25,44.7,45.3,44.7,45,78,82306,3700563.1
7/1/25,45.3,45.4,44.8,44.8,148,452281,20347824.9
6/30/25,44.9,45.2,44.7,45,172,966531,43499505.2
6/27/25,44,44.5,43.8,44.4,106,654428,28832171.2
6/26/25,43.5,44,43.3,44,164,416211,18281667.4
6/25/25,42.9,43.9,42.2,43.5,180,517912,22296096.3
6/24/25,41,43,41,42,141,503052,21269929.1
6/23/25,42,42.3,40.9,41.3,219,275730,11445859
6/20/25,41.6,43,41.6,43,138,174362,7407471.1
6/19/25,42.9,42.9,41.6,41.9,178,274308,11539641.4
6/18/25,44,44,43,43,90,488131,21142079.8
6/17/25,43,44.1,43,43.5,108,589982,25930359.2
6/16/25,43,43.6,42.4,43.5,164,450114,19429348.9
6/13/25,43.9,44.1,42.5,43.3,120,104816,4520757.7
6/12/25,44.6,44.6,43.9,44.1,99,76965,3402483.1
6/11/25,45,45,44.3,44.6,125,53873,2406665.7
6/9/25,44.4,45.2,43.9,45,172,711881,31920403.3
6/6/25,44,44.5,43.7,44.2,104,201218,8873246.3
6/5/25,44.7,44.7,43.4,43.8,164,137495,6036372.5
6/4/25,44.2,44.9,44.1,44.5,194,310744,13777536.5
6/3/25,43.3,44.7,43.2,44.1,182,558178,24523817.6
6/2/25,43.5,43.6,43,43.2,96,102938,4457171.2
5/30/25,43,43.7,43,43,89,119611,5165543.9
5/29/25,43.5,43.8,43,43.1,119,129701,5602079.1
5/28/25,43.5,44.1,43.2,43.4,98,318110,13851683.4
5/27/25,43.4,44.4,43.3,43.7,184,375855,16509983.9
5/26/25,42,43.3,42,43.1,99,568128,24345237.8
5/23/25,41.7,42.3,41.7,42,101,202323,8491199.6
5/22/25,42.5,42.5,41.6,41.7,101,67915,2861378.3
5/21/25,42,42.8,41.6,41.9,101,66237,2783958
5/20/25,42,42.3,41.8,41.9,157,273259,11478316.7
5/19/25,43,43.2,42,42.7,143,163652,6997998.6
5/16/25,43.8,44,42.9,43,275,949949,41256860.8
5/15/25,43,43.9,43,43.8,332,928153,40509131.2
5/14/25,41.5,43.2,41.4,42.9,347,503720,21346701
5/9/25,41.2,41.8,41,41.5,145,264233,10947699.5
5/8/25,39.3,42,39.3,41.8,433,2418042,97398441.3
5/7/25,39.5,40,39.3,39.6,121,327150,12975088.5
5/6/25,39.3,40,39,39.9,124,1507450,60169488.2
5/5/25,39.1,39.3,39,39,113,213516,8346443.9
5/2/25,39,39.4,39,39.1,174,960564,37547929.1
4/30/25,38.1,39.3,38.1,39,198,1082527,42097403.9
4/29/25,37.2,38.7,37.2,38.1,206,1794501,68274376.2
4/28/25,36.5,37,36.5,37,47,54465,2008814.2
4/25/25,35.6,36.5,35.6,36.5,50,89966,3272104.7
4/24/25,36.5,36.5,35.5,35.6,69,198459,7084940.6
4/23/25,36.5,36.5,35.9,36,52,61512,2217401.2
4/22/25,36.5,36.5,35.5,36,99,624468,22432983.4
4/21/25,36,36.8,36,36.1,82,58435,2124829.4
4/17/25,36.5,36.5,35.8,36,106,129101,4644195.4
4/16/25,36.6,36.6,36.2,36.4,68,30062,1095199.3
4/11/25,36.3,36.3,36,36.1,56,48250,1743534.8
4/10/25,35.5,36.8,35.5,36.4,113,549538,19676996
4/9/25,35.9,35.9,34.5,34.6,155,521100,18209744.8
4/8/25,34.1,35.9,34.1,35.8,92,178739,6344579.2
4/7/25,35.9,35.9,34,34.4,236,365807,12734325.4
4/4/25,36.9,37,35.5,36,139,175295,6323319.5
4/3/25,37.9,37.9,36.6,36.9,116,176184,6540640.2
4/2/25,37,38,37,38,83,114353,4302750.2
4/1/25,36.4,37,36.2,37,97,142369,5194107.7
3/28/25,35.9,36.5,35.9,36.4,43,30089,1085509.8
3/27/25,35.3,35.9,35.3,35.7,62,174428,6197671.3
3/26/25,35.6,35.6,35.2,35.3,31,25191,889145.7
3/25/25,35.8,35.8,35,35.6,54,951082,32216477.2
3/24/25,35,35.8,34.9,35,80,181170,6349962.2
3/21/25,35,35.1,34.9,35,35,72116,2524807
3/20/25,34.9,35.1,34,34.8,92,656806,22983406.1
3/19/25,34.5,35,34.2,34.6,63,304225,10566630.5
3/18/25,34.7,34.7,34.3,34.3,73,97093,3343590.1
3/17/25,35,35,34.4,34.5,131,804962,27771021.7
3/14/25,34.9,35.9,34.5,34.6,91,948521,33149118.4
3/12/25,33.9,34.8,33.7,34.2,74,100629,3425192.9
3/11/25,34.9,34.9,33.9,33.9,146,144769,4961381.9
3/10/25,35.3,35.3,34.8,34.9,64,78227,2727031.4
3/7/25,35.1,35.1,34.9,35,75,64914,2272336.1
3/6/25,35.8,35.8,35,35.1,71,124354,4362798.7
3/5/25,34.9,35.5,34.8,35.1,76,152080,5318625.9
3/4/25,35,35.1,34.8,34.9,124,240959,8415495.9
3/3/25,35.9,36,34.9,35,114,340173,11915332.3
2/28/25,35.5,36.1,35.4,35.9,93,84121,2998218.7
2/27/25,35.6,37,35.5,36.5,78,61831,2253923.6
2/25/25,37,37,35.1,35.7,135,422839,15137597.9
2/24/25,37.2,37.2,36.6,36.6,107,1084324,39856218.9
2/21/25,37.6,37.7,36.8,36.9,135,865866,32018435.7
2/20/25,38,38,37,37.1,113,1060198,39541135.3
2/19/25,37.5,38,37.4,37.7,81,53307,2004040.5
2/18/25,37.8,38.1,37.4,37.5,97,129338,4868877.7
2/17/25,38,38.4,37.5,37.8,135,154763,5868289
2/14/25,37.5,38,37.5,37.9,79,209085,7919319.2
2/13/25,36.4,37.4,36.4,36.9,70,194749,7194163.7
2/11/25,36.4,36.4,35.5,36,149,236587,8492499.9
2/10/25,36,37,35.9,36,94,53969,1942206.4
2/7/25,37,37,36,36,191,221545,8006577.5
2/6/25,37.5,37.5,36,36.9,160,362572,13238503.5
2/5/25,38.1,38.3,36,36.2,247,328914,12073661.5
2/3/25,38.5,38.5,37.9,38,107,142938,5439494.1
1/31/25,38.1,38.3,38,38.2,79,585866,22383414.2
1/30/25,38.5,38.5,38,38.1,108,168730,6446003.8
1/29/25,38.5,38.5,38,38.4,123,88119,3374632.1
1/28/25,38.4,38.5,38.4,38.5,102,323505,12443086.4
1/27/25,38.5,38.6,38.3,38.5,82,168359,6479249.6
1/24/25,39,39,38.4,38.5,62,263699,10162270.2
1/23/25,38.5,38.8,38.5,38.6,85,233011,8998424.1
1/22/25,38.8,38.8,38.5,38.6,153,190501,7359660.2
1/21/25,38.5,39,38.3,38.8,133,770784,29707918
1/20/25,38.5,39,38.2,38.3,64,188454,7280413.9
1/17/25,38.5,38.7,37.9,37.9,60,57745,2202611.9
1/16/25,38.3,38.3,37.8,38,132,274453,10437503.3
1/15/25,38,38.7,37.6,38.5,106,316441,12078944.1
1/10/25,38.2,38.2,37.5,38,119,419614,15930894.9
1/9/25,38.6,38.6,37.9,38,161,1397374,53119912.8
1/8/25,38.5,39.1,38.5,39,100,206284,8007393.5
1/7/25,38,39,35.5,38.3,229,571205,21627272.6
1/6/25,40,40,37,38,208,337873,12902401
1/3/25,40,40.4,38.4,39,260,611996,24361700.3
1/2/25,39.6,40,39,40,249,1704544,68028475.4
12/31/24,39.6,39.6,38.4,39,164,382266,14909720.1
12/30/24,39,40,39,39.6,238,686436,27345796.9
12/27/24,38.7,38.9,38.1,38.7,188,322337,12427673.2
12/26/24,38.5,38.9,38.3,38.7,120,336290,12953074.7
12/24/24,38.5,38.6,38,38.5,120,389156,14979689
12/23/24,38.9,39,38.3,38.5,228,396031,15340783.3
12/20/24,36.9,39,36.9,38.8,304,945129,35977962.5
12/19/24,36,36.9,36,36.9,144,341728,12535736.7
12/18/24,36.2,36.2,35.5,35.9,137,450685,16070334.9
12/17/24,36.7,36.8,35.9,36,166,235796,8543142.6
12/16/24,36.7,36.8,36.3,36.4,140,257657,9427028.8
12/13/24,36,37,36,36.7,315,700247,25637064
12/12/24,35.3,36,35.1,36,222,464885,16585473.1
12/11/24,35.1,35.4,34.9,35.1,181,237372,8328106.4
12/10/24,35,35.4,34.9,35,241,321230,11253824.1
12/9/24,34.8,34.9,34.6,34.8,176,220180,7660076.6
12/6/24,34,34.6,33.8,34.6,286,876457,29897464.2
12/5/24,33,34.2,33,33.8,273,806318,27165123.7
12/4/24,33,33.2,32.8,32.9,110,634904,20919193.3
12/3/24,31.8,33.3,31.7,33,184,1062524,34940283.8
12/2/24,31.5,31.8,31.4,31.8,72,120052,3790882.2
11/29/24,31.3,31.5,31.3,31.3,74,281119,8817199.3
11/28/24,31.4,31.4,31,31.3,71,277199,8653325.8
11/27/24,31.8,31.8,30,31,197,276380,8516975.8
11/26/24,31.6,32,31.6,31.8,136,43833,1397532.7
11/25/24,31.5,32,31.5,31.6,61,198380,6251846.2
11/22/24,31.4,32,31.4,31.5,124,464171,14624871.4
11/21/24,31.6,32.5,31.5,31.6,103,312724,9855459.6
11/20/24,32.3,32.5,31.6,31.8,248,1136798,36485246
11/19/24,32.9,32.9,32.3,32.5,287,1673205,54409738
11/18/24,33,33.5,32.4,32.9,165,1717221,56292293.1
11/14/24,33,33.2,32.3,32.8,170,533170,17439271
11/13/24,32.8,33.3,32.2,33,147,1082338,35694595
11/12/24,32,32.7,32,32.5,123,846965,27523055.8
11/11/24,32,32.4,32,32.4,78,253852,8133970.1
11/8/24,32.7,32.7,31.7,32,96,484368,15504552.4
11/7/24,32,32.7,31.5,32.2,102,243276,7776668.9
11/6/24,32.1,32.6,31.7,32.1,110,168579,5401560.3
11/5/24,33,33,32,32.9,182,173153,5665382.3
11/4/24,32.9,33.7,32,33,351,741614,24770856.6
11/1/24,32,33,31.5,32.9,221,1310582,42775098.3
10/30/24,31,32.5,31,31.9,507,3329285,106449921
10/29/24,30.4,31.7,30.4,30.9,412,1400691,43395964.1
10/28/24,29.4,30.5,29.2,30,391,1945769,57876552.9
10/25/24,28.3,29.5,28.2,29,268,1847797,53182034.6
10/24/24,28.1,28.4,28.1,28.1,93,157188,4454021.3
10/23/24,27.7,28.2,27.5,28,160,2218620,62096291.1
10/22/24,27.7,27.7,27.5,27.6,39,101609,2809420.3
10/21/24,27.5,27.7,27.3,27.5,51,110764,3046676.9
10/18/24,27.7,27.7,27.5,27.6,65,55493,1530864.8
10/16/24,27.7,27.7,27.5,27.5,100,649994,17883095.5
10/15/24,27.9,27.9,27.6,27.7,51,79222,2197502
10/14/24,27.8,28,27.7,27.8,100,289413,8082696.4
10/11/24,27.5,27.8,27.4,27.8,66,179478,4975726.1
10/10/24,27.3,27.7,27,27.5,122,502821,13770068.3
10/9/24,27.4,27.5,27.1,27.3,57,282325,7678939.5
10/8/24,27,27.3,26.9,27.1,50,225524,6094345
10/7/24,26.7,27.2,26.7,27,87,555768,15014516
10/4/24,27,27.1,26.7,26.7,41,97494,2625930.6
10/3/24,27,27,26.6,26.7,37,47647,1275773.2
10/2/24,27,27.1,26.7,26.8,60,92251,2487264.2
10/1/24,27.5,27.5,26.9,27,121,404768,10936567.9
9/30/24,27,27.5,26.9,27.3,65,212313,5758508.7
9/27/24,27,27.5,26.5,27,134,540821,14611802.3
9/26/24,27.1,27.1,26.5,26.9,88,253808,6814362.8
9/25/24,25.6,27.1,25.6,27,160,863631,23156424
9/24/24,25.9,26.2,25.8,26,78,726717,18891702.7
9/23/24,25.5,25.9,25.3,25.5,49,88861,2265859.9
9/20/24,25.5,25.5,25.3,25.4,75,39075,991553.6
9/19/24,25.9,25.9,25,25.4,175,884348,22185263.2
9/18/24,25.4,25.5,25,25.5,132,301816,7646891.8
9/13/24,25.5,25.5,25.3,25.4,71,214160,5448543
9/12/24,25.5,25.5,25.2,25.4,32,12619,320922.2
9/11/24,25.8,25.8,25.3,25.4,51,59023,1501315.9
9/10/24,25.5,25.8,25.4,25.5,39,22491,573978.5
9/9/24,25.8,25.8,25.3,25.3,20,57937,1471652.8
9/6/24,25.8,25.8,25.3,25.4,34,25094,639009.3
9/5/24,25.3,25.9,25,25.6,43,42351,1069022.4
9/4/24,24.9,25.9,24.9,25.3,69,352399,8814087.6
9/3/24,25.6,25.6,24.9,25,140,237446,5944778.7
9/2/24,25.9,25.9,25.4,25.5,77,97536,2499293.6
8/30/24,26,26,25.7,25.8,25,6285,162328
8/29/24,25.8,25.9,25.8,25.9,27,18962,490829.8
8/28/24,25.8,26,25.5,25.5,79,205519,5245074
8/27/24,26,26,25.9,26,47,162189,4215050.2
8/26/24,26.4,26.8,25.9,26,75,391163,10214413.6
8/23/24,26.6,26.9,26.2,26.4,26,204868,5373903.7
8/22/24,26.5,26.5,26.3,26.5,22,168868,4457700.7
8/21/24,26.5,26.8,26.4,26.5,15,154870,4104042
8/20/24,26.7,26.7,26.4,26.7,15,4309,114802.3
8/16/24,26.5,26.5,25.8,25.9,72,170866,4437174.6
8/15/24,26,27,25.9,26.7,80,550910,14358839.5
8/14/24,25.9,26,25.9,25.9,17,39740,1033116.8
8/13/24,25.9,26,25.8,25.8,43,55529,1434004.8
8/12/24,26,26,25.8,25.9,29,27725,718509
8/9/24,25.8,26,25.8,26,12,7150,185798
8/8/24,25.8,26,25.8,25.8,28,40488,1045213.5
8/7/24,26,26,25.8,25.8,15,7110,183748
8/6/24,25.6,26,25.6,25.8,30,60497,1569486.5
8/5/24,26,26,25.5,25.5,76,266778,6842980.6
8/2/24,26,26,25.9,26,47,100975,2625330
8/1/24,25.8,26.2,25.7,25.8,48,70606,1829483.8
7/31/24,26,26,25.8,25.8,26,13660,353198.1
7/30/24,26,26.2,25.9,26,85,156989,4081811
7/29/24,26.3,26.4,26,26,58,76549,1993393.4
7/26/24,26.5,26.5,25.9,26,43,125381,3260178.4
7/25/24,26.6,26.6,26,26,22,4851,127984.4
7/24/24,26,26.6,25.9,26,75,240167,6246904.2
7/23/24,25.8,26.2,25.6,26.2,49,652715,16966266.8
7/22/24,26.3,26.3,25.5,25.8,75,460811,11877133.1
7/19/24,26.5,26.6,26,26.4,69,3649494,94920429
7/18/24,26.4,26.7,26.4,26.5,22,8229,217741.5
7/17/24,26.8,26.9,26.4,26.5,14,23600,629437.5
7/16/24,26.3,26.9,26,26.5,61,184870,4888044.5
7/15/24,25.7,26.5,25.7,26.3,45,997326,25933191.7
7/12/24,25.8,26,25.8,25.9,9,16150,417555
7/11/24,25.8,26,25.5,25.6,94,329934,8511196.9
7/10/24,25.7,25.9,25.5,25.5,36,35418,914214.8
7/9/24,25.7,25.8,25.4,25.5,107,187540,4784214.3
7/8/24,25.8,25.9,25.5,25.8,42,15210,390204
7/5/24,25.6,26.2,25.6,25.8,31,13211,341003.9
7/4/24,26,26,25.5,25.5,145,319688,8188981.1
7/3/24,26,26,25.8,25.8,83,279652,7236896.3
7/2/24,25.8,26,25.8,26,83,162777,4223487
7/1/24,25.9,26,25.5,26,104,844227,21638201
6/28/24,26,26,25.8,25.8,60,51298,1328027.6
6/27/24,26.2,26.2,25.8,25.9,209,480427,12492039.4
6/26/24,26.5,26.5,26.2,26.3,152,372428,9813185.8
6/25/24,26.9,27,26.6,26.7,139,232492,6227392.9
6/24/24,27.2,27.5,26.8,26.9,97,1659974,44812009.2
6/20/24,27.8,27.8,27,27,96,550650,14949378.8
6/19/24,27.5,28,27,27.1,119,1278173,34556351.5
6/18/24,28,28,27.4,27.5,104,214903,5922924.4
6/14/24,28.3,28.3,27.8,28,53,135692,3793867.4
6/13/24,28,28.2,27.8,28.2,147,244836,6850387
6/12/24,28,28,27.9,28,35,286890,8032870
6/11/24,28.3,28.3,27.8,28,87,455184,12757537.5
6/11/24,28.3,28.3,27.8,28,87,455184,12757537.5
6/10/24,28.2,28.4,28,28.3,60,432958,12245469.8
6/7/24,28.3,28.3,28,28.2,50,329999,9318701.4
6/6/24,27.7,28.2,27.7,28.1,136,785452,21943463.5
6/5/24,27.9,27.9,27.5,27.6,42,55115,1517067.9
6/4/24,27.8,27.9,27.5,27.9,30,40321,1109849.7
6/3/24,27.5,27.9,27.3,27.5,42,408197,11222006.8
5/31/24,27.6,27.6,27.2,27.4,34,22408,614242.8
5/30/24,27.9,27.9,27.1,27.5,60,289933,7889486.4
5/29/24,27.4,27.9,27.3,27.3,52,113862,3118215
5/28/24,27.6,27.7,27.4,27.4,69,191585,5272617.2
5/27/24,27.6,27.6,27.3,27.5,48,171325,4711567.2
5/22/24,27.4,27.8,27.3,27.5,72,382922,10527317.4
5/21/24,27.5,27.6,27.2,27.5,51,146870,4036776.5
5/20/24,27.3,27.7,27.2,27.2,53,56913,1561080.2
5/17/24,27.9,27.9,27.3,27.4,59,67783,1860909.6
5/16/24,27.8,27.9,27.4,27.8,34,299139,8230432.4
5/15/24,27.6,27.8,27.4,27.4,101,2582860,71030259.3
5/14/24,27.9,27.9,27.5,27.5,128,1428927,39680559.1
5/13/24,28.1,28.4,27.8,28,64,750632,20996952.7
5/10/24,28.5,28.5,28,28,76,556843,15596313.5
5/9/24,29,29,28.3,28.4,106,1099321,31327002.1
5/8/24,29,29.5,28.9,29,54,96402,2808820
5/7/24,29,29.4,28.8,28.9,74,1551040,45003614.3
5/6/24,29,29.3,28.5,29,69,82211,2375737.1
5/3/24,28.8,29.1,28.7,29,103,397740,11503879.4
5/2/24,28.6,29.4,28.6,29,126,517088,14957728.6
4/30/24,28,29.1,28,28.7,157,983371,28250741
4/29/24,28.7,28.7,27.9,28,128,259024,7319531.5
4/26/24,27.3,28.9,27.3,28.6,162,667990,18819900.4
4/25/24,27,28.2,27,27.9,208,1871812,51948779.2
4/24/24,27,27.2,26.9,27,46,156294,4219929.1
4/22/24,27,27.4,26.5,27.2,68,599785,16183944.3
4/19/24,26.6,27,26.5,26.6,49,168571,4545357.9
4/18/24,26.8,26.9,26.5,26.8,43,38812,1029523
4/17/24,26.5,26.7,26.2,26.5,83,240811,6375181.8
4/16/24,26.8,27,26.4,26.5,98,117915,3130413.2
4/15/24,27.3,27.3,26.5,27,86,278303,7493647.4
4/10/24,26.7,27.4,26.7,26.8,47,34822,937026.2
4/9/24,27,27,26.5,26.8,72,210464,5642603.9
4/8/24,26.8,27,26.8,27,70,188893,5092002.3
4/5/24,26.8,27,26.8,26.9,74,532875,14307537
4/4/24,27,27,26.6,26.8,91,789131,21256193.4
4/3/24,26.9,27,26.5,26.9,121,1094083,29346566.3
4/2/24,26.9,26.9,26.7,26.8,65,424662,11419888.7
4/1/24,27,27,26.6,26.8,55,106207,2858134.7
3/28/24,26.6,27,26.6,26.9,118,1663416,44680052.6
3/27/24,26.2,26.8,26.2,26.6,38,19572,520917
3/26/24,26.4,26.7,26.1,26.5,60,386688,10245519.9
3/25/24,26.8,26.8,26,26.2,78,1058488,27590800
3/22/24,26.3,26.8,26.3,26.4,49,174896,4615598.1
3/21/24,26.4,26.8,26.2,26.2,40,45135,1183849.4
3/20/24,26.3,26.5,26.2,26.4,84,232581,6148466.3
3/19/24,26.3,26.3,26.1,26.3,69,113303,2970147.9
3/18/24,26.3,26.4,26,26.2,70,718336,18688701.4
3/15/24,26.5,26.5,25.9,26,95,1466966,38144342
3/14/24,26.5,26.5,25.7,26,73,877117,22805091.9
3/13/24,26.2,26.6,25.7,26,200,1143354,30025600.1
3/12/24,26.1,26.6,26.1,26.2,49,104538,2751368.5
3/11/24,26.2,26.5,26,26.4,81,169360,4436967.5
3/7/24,26.6,26.6,25.8,26.3,65,157180,4096757.4
3/6/24,25.9,26.7,25.9,26.4,33,46781,1224250.7
3/5/24,25.8,26.1,25.8,26,45,92779,2411968.6
3/4/24,26.4,26.4,25.6,25.6,95,141824,3684531.8
3/1/24,26.5,26.8,26.4,26.5,46,178284,4724034.5
2/29/24,26.3,27,26.3,26.5,63,558923,14817666.9
2/28/24,26.6,26.7,26.4,26.5,36,81478,2158272.6
2/27/24,26.5,26.7,26.4,26.5,42,256589,6799117.6
2/26/24,26.7,26.8,26.3,26.5,54,171633,4543644.4
2/22/24,27.1,27.1,26.7,26.7,80,1391294,37511248.1
2/21/24,27.2,27.2,26.8,26.8,79,1429052,38553438.8
2/20/24,26,27,26,27,125,2734091,72517830
2/19/24,26,26.1,25.6,26,42,161321,4187381.1
2/16/24,25.8,26,25.6,25.9,74,174643,4522931.8
2/15/24,25.5,25.8,25.5,25.8,47,166123,4236542.1
2/14/24,25.7,25.9,25.7,25.8,52,163086,4196458.8
2/13/24,25.9,25.9,25.5,25.7,92,362226,9307957.3
2/12/24,26,26,25.8,25.8,85,1005872,26016185.4
2/9/24,26.3,26.5,25.9,26,33,27067,707224.9
2/8/24,26.4,26.4,25.8,25.9,292,1966628,51092463.7
2/7/24,26.5,26.5,26.2,26.2,69,83599,2208019.7
2/6/24,26.5,26.5,26.3,26.4,74,108168,2858266
2/2/24,26.3,26.9,26.3,26.5,40,87074,2307858.8
2/1/24,26.9,26.9,26.1,26.8,10,2318,62332.2
1/31/24,26.9,26.9,26,26,37,368849,9595000.5
1/30/24,26,26.2,25.7,26,75,441930,11484706.7
1/29/24,26.9,26.9,25.9,26,73,87201,2270621.3
1/26/24,26.6,26.6,26.2,26.5,48,1181098,31296707.9
1/24/24,26,26,25.9,26,48,31583,820949.8
1/23/24,26.7,26.7,25.9,26,77,73904,1934542
1/22/24,27,27,26.5,26.9,18,57537,1550364.4
1/19/24,26.8,27,26.5,26.5,56,80853,2159618.8
1/18/24,26.9,27,26.7,27,27,32741,883252.3
1/17/24,27.4,27.4,26.8,26.9,31,30466,824264.8
1/16/24,27.5,27.5,26.9,27,86,76820,2081940.2
1/12/24,27.5,28.1,27.4,27.5,110,314026,8640541.4
1/11/24,27.9,27.9,27.4,27.5,61,593600,16323073.4
1/10/24,27.9,27.9,27.5,27.6,45,56423,1559048.3
1/9/24,27.8,27.8,27.5,27.7,29,70225,1944833.9
1/8/24,28.2,28.2,27.6,27.7,53,330162,9177423.3
1/5/24,28.4,28.5,27.9,28,64,241259,6759886.6
1/4/24,28.2,28.2,27.5,28,62,156504,4379161.1
1/3/24,27.5,28.5,27.5,28,78,1896360,52917751.6
1/2/24,27.9,28,27.8,27.8,44,55990,1565876.3
12/29/23,28,28,27.8,28,45,87027,2430913.8
12/28/23,28,28,27.7,27.9,17,9423,262621.5
12/27/23,27.8,28,27.5,27.7,31,15334,424926.2
12/22/23,27.5,27.8,27.4,27.5,35,89538,2462237.3
12/21/23,27.4,27.9,27.4,27.5,29,92501,2542164.7
12/20/23,27.3,27.7,27.2,27.5,48,30609,838997.8
12/19/23,27.9,28,27.3,27.9,87,169109,4695122.8
12/18/23,28.4,28.7,27.9,27.9,51,25298,706486.3
12/15/23,28.5,28.5,28,28.2,70,139221,3951086
12/14/23,28.5,28.9,28.3,28.6,51,108663,3097831.1
12/13/23,28.5,28.9,28.4,28.5,41,225905,6438003.8
12/12/23,28.6,29,28.5,28.9,108,346344,9997240.9
12/11/23,28.5,28.9,28.5,28.6,102,377385,10785953.3
12/8/23,28.5,28.6,28,28.5,105,457613,13040815.3
12/7/23,28,28.9,27.9,28.3,139,1911324,53526122.5
12/6/23,27.5,28,27.5,28,71,195527,5445563.9
12/5/23,28,28,27.5,27.5,65,937654,25788054.9
12/4/23,27,28,26.8,27.8,200,1688742,46835913.8
12/1/23,26.7,27.2,26.5,27,107,1141097,30805868.7
11/30/23,26.6,26.8,26.4,26.5,28,80545,2139403.7
11/29/23,26.2,26.7,26.2,26.5,68,907048,24015618.3
11/28/23,26.4,26.5,25.7,26,70,152852,3969343
11/27/23,26.4,26.5,25.9,26,56,72714,1894455.5
11/24/23,26.2,26.9,26.2,26.2,80,849272,22506932.1
11/23/23,26.5,26.5,25.9,26.1,89,179496,4674400.4
11/22/23,26.8,26.8,26,26.5,51,34375,907496.2
11/21/23,26.9,27,26.1,26.1,82,80416,2138280.4
11/20/23,26.5,27.1,26.5,27,81,67189,1805131.8
11/17/23,25.3,27.2,25.3,27,335,4124561,111085350.3
11/16/23,26.4,26.4,24.9,25,223,1293824,32443900.4
11/15/23,27.7,27.7,26,26.4,91,788005,20849288.5
11/14/23,27,27,26.5,26.9,129,645678,17147500.5
11/13/23,27.5,27.8,27.4,27.7,111,576910,16004693.5
11/10/23,27.9,27.9,27.3,27.4,42,73401,2013647.2
11/9/23,27.9,27.9,27.6,27.8,44,79787,2212631.6
11/8/23,27.9,28,27.7,27.8,115,798346,22234439.4
11/7/23,27.8,27.9,27.3,27.8,232,1286934,35767874.6
11/6/23,27,27.5,26.8,27.2,189,560573,15200183.3
11/3/23,26.5,26.7,26.4,26.5,72,99064,2625561
11/2/23,26.2,26.6,25.9,26.3,103,386615,10058675.2
11/1/23,25.6,26,25.6,25.9,29,87690,2272534.2
10/31/23,26,26,25.5,25.9,52,122135,3133499.3
10/30/23,25.6,26.2,25.6,26,68,251071,6523227.6
10/27/23,25.5,25.9,25.2,25.7,34,42560,1094014.9
10/26/23,25.4,25.5,25.1,25.2,103,166861,4197697.8
10/25/23,26,26,25.5,25.6,48,41016,1053046.7
10/24/23,26,26.5,25.8,25.9,31,43259,1121780.5
10/23/23,26.5,26.6,25.6,26,77,369279,9600330.1
10/20/23,25.6,26.5,25.6,26.2,33,383380,9968480.2
10/19/23,25.5,25.8,25.3,25.7,44,37518,960411.2
10/18/23,26.2,26.2,25.5,25.5,50,79609,2030991.7
10/17/23,26,26,25.5,25.9,52,100630,2595194.5
10/16/23,26.2,26.2,25.6,25.8,46,41054,1060452.9
10/13/23,25.9,26.5,25.5,25.9,39,49942,1286229.7
10/12/23,25.9,26,25.7,25.7,55,100972,2615268.1
10/11/23,26.4,26.4,25.5,25.6,159,288615,7448012.7
10/10/23,26.4,26.6,26.2,26.3,98,99138,2612694.3
10/9/23,26.1,26.5,26,26.4,86,1176794,30620443.1
10/6/23,26.7,27,26.3,26.4,82,374972,9934773.6
10/5/23,26.8,27.4,26.8,26.9,45,228464,6163318.3
10/4/23,26.8,27.1,26.6,26.9,126,735725,19731612.4
10/3/23,27.1,27.5,26.8,26.9,175,1029371,27804493.8
10/2/23,28,28,26.9,27.4,78,166601,4516926.2
9/27/23,26.8,28.1,26.8,28,261,2081161,58144642.7
9/26/23,27,27.2,26.7,26.8,91,159540,4278461.1
9/25/23,27,27.2,26.9,27,96,196274,5303590.5
9/22/23,26.9,27.2,26.8,27.1,131,2214045,59615582.4
9/21/23,27.1,27.1,26.7,26.9,59,77641,2089590.4
9/20/23,26.7,27.5,26.7,27.1,132,3566567,96354217.3
9/19/23,27.4,27.4,26.5,26.8,82,461481,12347141.9
9/18/23,27,27,26.6,27,65,97111,2614553.1
9/15/23,27.7,27.8,27,27.2,163,708151,19222801.2
9/14/23,27.2,28.3,27.2,27.8,358,2035372,56494769.6
9/13/23,26.9,27.2,26.6,27,166,2768470,74705378.4
9/12/23,26.9,27.5,26.5,26.6,157,872494,23213239.5
9/11/23,27.3,27.5,26.8,26.9,134,668449,17985185.5
9/8/23,27,27.9,27,27.3,349,1869846,51220191.6
9/7/23,25.6,27,25.5,27,270,5140624,135228535.9
9/6/23,25.5,26,25.5,25.9,184,1609985,41707851.7
9/5/23,26,26,25.4,25.6,182,802826,20717391.8
9/4/23,26,26,25.8,25.9,83,458406,11907752.8
9/1/23,26.2,26.2,25.6,25.9,78,738096,19119990.7
8/31/23,25.8,26,25.4,25.9,101,219336,5656989.1
8/29/23,25.8,25.8,25.5,25.7,114,217151,5574512.5
8/28/23,26.4,26.7,25.5,25.8,114,57652,1492700.3
8/25/23,27,27,26,26.2,149,285798,7589346.5
8/24/23,26,27,25.7,26.8,398,6333709,169405772.7
8/23/23,24.2,26,24.2,25.7,507,10849682,273110759.3
8/22/23,23.6,24.5,23.6,24,172,3410250,81888804.9
8/21/23,24.5,24.6,23.7,23.8,173,2002028,48008162.3
8/18/23,25,25,24,24.3,154,529156,13084995.5
8/17/23,25,25.2,24.8,24.9,312,1218695,30436066.4
8/16/23,25,25.5,24.8,25,232,2837049,71305291.6
8/15/23,25.1,25.2,24.8,24.9,119,414374,10356730.7
8/14/23,25,25.6,24.8,25.1,285,2316344,58419146.8
8/11/23,23.9,25.1,23.9,25,371,4157122,103288269.9
8/10/23,23.8,24.5,23.7,23.9,85,549061,13190183.4
8/9/23,24,24.5,23.6,24.3,92,193783,4663264.4
8/8/23,24.4,24.4,23.7,24,129,352721,8459034.5
8/7/23,24.5,25,24.2,24.3,112,333423,8259088.7
8/4/23,24.2,25.2,24.2,24.5,402,5703782,140809068.8
8/3/23,23.4,24.3,22.7,24,413,4611723,109772291.9
8/2/23,23,23.5,22.8,23,106,1501523,34578089
7/31/23,22.8,23.4,22.7,22.9,71,63068,1449921.2
7/28/23,22.8,23.5,22.7,22.8,153,1062433,24451672.8
7/27/23,22.7,23,22.7,22.8,78,358934,8184685.1
7/26/23,22.3,22.7,22.3,22.5,36,88104,1982349.6
7/25/23,22.8,22.8,22.1,22.5,50,35900,804557.5
7/24/23,23.1,23.1,22.7,22.9,38,44446,1020178.7
7/21/23,22.6,23.2,22.3,23,195,1680256,38497813.9
7/20/23,22.3,22.5,22,22.5,67,3723920,83699984.4
7/19/23,22.7,22.8,22,22.1,152,1136818,25364693.2
7/18/23,22.3,22.9,22.3,22.7,134,1406601,31686063.7
7/17/23,22.3,22.7,22.1,22.2,54,280781,6311552.8
7/14/23,22,22.8,21.8,22.1,138,2495137,56005575.5
7/13/23,22.5,22.5,21.9,22,98,2126565,47564236.6
7/12/23,21.8,22.8,21.8,22.3,122,3707375,82582162.9
7/11/23,22.2,22.2,21.7,22,95,187695,4112563.2
7/10/23,22.9,22.9,22.1,22.3,57,159345,3605677.3
7/7/23,22.4,23,21.1,22.5,245,736172,16349722
7/6/23,23,23,22.1,22.2,131,447341,10011936.2
7/5/23,23.1,23.1,22,22.4,105,206755,4682755.9
7/4/23,22,23.5,20.7,23.1,304,1655878,37758304.6
6/28/23,20.7,21.8,20.7,21.4,94,211556,4487869.8
6/27/23,20.9,21.4,20.6,20.8,162,333410,6981698.7
6/26/23,22.7,23.1,22.4,22.8,220,767645,17592598.1
6/23/23,22.6,23,22.5,22.7,132,201216,4583631.2
6/22/23,22.9,23,22.6,22.8,78,66193,1509933.1
6/21/23,22.4,23,22.3,22.9,363,2394680,54760873.8
6/20/23,22.5,22.7,22.2,22.6,137,269803,6055709.2
6/19/23,22.3,22.7,22.3,22.5,271,761354,17113621.2
6/16/23,22.2,22.2,21.5,22,120,292538,6420485.9
6/15/23,22.5,23.2,22.1,22.2,431,6059184,136917763
6/14/23,20.4,22.3,20.4,22.1,433,3506211,75815721
6/13/23,20.4,21.8,20.4,21.5,314,1750801,36681800.1
6/12/23,19.7,20.5,19.2,20.4,160,1190638,23949433.3
6/9/23,19,19.8,19,19.5,121,510634,9778616.4
6/8/23,18.7,19.1,18.5,18.9,57,225787,4261175.2
6/7/23,18.5,18.7,18.4,18.7,18,150920,2792046.3
6/6/23,18.8,18.8,18.2,18.5,27,32926,608969.7
6/5/23,18,18.8,18,18.5,47,471496,8722328.9
6/2/23,18.9,18.9,18.4,18.6,27,21351,398562.2
6/1/23,18.2,18.9,17.8,18.5,87,599460,11177121.6
5/31/23,18,18,17.6,17.7,11,28079,502392.2
5/30/23,17.9,18,17.7,17.7,25,162472,2876204.7
5/29/23,18,18,17.8,17.8,34,31491,560860.5
5/26/23,18,18.5,17.8,18,24,12739,228359.5
5/25/23,18.2,18.2,17.9,17.9,6,20001,358018.2
5/24/23,17.9,18.2,17.9,18,12,72438,1303630.8
5/23/23,17.3,17.9,17.3,17.7,23,48124,845757.4
5/22/23,17.9,17.9,17.5,17.7,30,25636,449373.9
5/19/23,18,18,17.8,17.8,11,7866,140040.6
5/18/23,18,18.1,18,18,19,29556,532513.6
5/17/23,17.8,18,17.7,17.8,40,238906,4252557.5
5/16/23,17.6,17.8,17.6,17.6,12,7946,140044.8
5/15/23,17.6,17.9,17.6,17.6,34,153481,2730214.9
5/12/23,17.6,17.8,17.6,17.6,26,4766,84091.7
5/11/23,17.4,18,17.4,17.9,19,7387,131377
5/10/23,18,18,17.1,17.3,52,52897,922521.5
5/9/23,17.9,18,17.6,18,44,15127,270442.5
5/8/23,18,18.3,17.9,18,30,74583,1343345.6
5/4/23,18.3,18.3,18,18,2,106,1908.6
5/3/23,18,18.3,18,18.1,28,160304,2915241.7
5/2/23,18.5,18.5,17.9,18,60,63546,1147005.5
4/28/23,18.5,18.5,18.1,18.1,27,28001,508926
4/27/23,18.1,18.5,17.9,18.4,19,9318,168475.1
4/26/23,18.5,18.6,18,18.5,68,206760,3817724.7
4/25/23,18.5,18.5,18,18.1,64,187125,3371556
4/24/23,18.6,18.6,18.3,18.3,28,49339,913461.7
4/21/23,18.9,18.9,18.2,18.6,44,15879,290176.6
4/20/23,18.5,18.9,18.3,18.5,40,23512,435552.8
4/19/23,18.8,18.9,18.5,18.6,73,134098,2483503.6
4/18/23,19,19,18.5,18.5,85,187944,3487331
4/17/23,19.1,19.5,18.6,18.9,44,145831,2760720.5
4/12/23,19,19.2,18.8,19,28,566695,10767822
4/11/23,18.3,19,18.3,19,48,326833,6207855.1
4/10/23,18.8,18.8,18.3,18.5,75,182364,3374611.8
4/6/23,19,19,18.8,18.8,69,633300,12012174.6
4/4/23,19.1,19.2,18.9,19,108,500424,9515145.5
4/3/23,19.6,19.6,18.7,19.1,83,160705,3064746.2
3/31/23,19.6,19.8,19.6,19.6,15,148064,2902255.4
3/30/23,19.6,20,19.6,19.6,46,728677,14516656.6
3/29/23,20,20.2,19.6,20,80,881685,17631014.2
3/28/23,19.7,20.1,19.6,20,77,556129,11111303.4
3/27/23,19.9,20.1,19.7,19.8,145,1089173,21646778.4
3/24/23,20.1,20.4,17.5,19.8,78,225862,4477898.3
3/23/23,20.5,21,20.1,20.1,47,131556,2675998.5
3/22/23,21,21,19.8,20.1,101,549694,11048342.8
3/21/23,22,22,20.5,20.7,313,3638416,77319477.7
3/20/23,19.9,21,19.9,20.4,206,2097600,42514074.6
3/17/23,19.5,19.9,19.5,19.5,42,856898,16714804.3
3/16/23,19.9,20.2,19.3,19.5,132,635635,12424453.3
3/15/23,19.5,20.2,19.5,19.8,58,73863,1463048.7
3/14/23,19,20.4,19,20,131,628180,12530894.9
3/13/23,19.6,19.8,19.3,19.5,154,1544744,30110270.2
3/10/23,21,21,19.9,20.1,108,183263,3711524.6
3/9/23,21,21.1,20.5,20.9,142,390464,8125016
3/8/23,21,21.5,20.6,21.1,392,1818883,38353198.9
3/7/23,20.1,21.1,19.8,21,546,2180833,45093338.7
3/3/23,19,20.5,19,20,668,4940410,96242362.2
3/2/23,18.3,18.8,18.2,18.5,149,572023,10586111.5
3/1/23,17.7,18.9,17.7,18.6,392,2527980,46806663.9
2/28/23,17.8,17.8,17.4,17.8,39,27110,479210.3
2/27/23,18.2,18.4,17.5,17.6,136,335990,5918280.3
2/24/23,17.9,18.5,17.9,18.4,313,2286371,41535978.9
2/23/23,16.6,18.3,16.5,17.8,466,3006694,52650326
2/22/23,17.1,17.6,16.3,16.4,232,822917,14002306.4
2/21/23,15,17,15,16.4,345,1676707,27183763.4
2/20/23,14,15.1,14,15,181,1068228,15633472.5
2/17/23,13.9,14.1,13.7,14,61,378789,5275562
2/16/23,13.9,13.9,13.6,13.8,32,216839,2970941.8
2/15/23,13.5,13.9,13.5,13.7,94,397419,5485662.3
2/14/23,13.2,13.5,13.1,13.2,70,61932,817880.5
2/13/23,13.5,13.5,13.2,13.2,41,33680,447875.4
2/10/23,13.7,13.9,13.3,13.5,90,152676,2056113.2
2/9/23,13.5,13.8,13.4,13.5,120,756976,10218150
2/8/23,13.9,13.9,13.3,13.5,145,252320,3416073.9
2/7/23,14.8,14.9,14.7,14.8,96,119790,1771166
2/6/23,14.6,14.9,14.6,14.8,81,428709,6343364.1
2/3/23,14.8,14.8,14.6,14.8,77,125136,1846255
2/2/23,14.8,14.8,14.5,14.7,114,81459,1192517.4
2/1/23,14.5,14.8,14.5,14.7,108,145947,2146027.6
1/31/23,14,14.7,14,14.4,216,449594,6419633.3
1/30/23,13.6,13.7,13.5,13.5,32,6262,84768.2
1/27/23,13.5,13.7,13.5,13.7,11,13250,179133
1/26/23,13.5,13.8,13.4,13.6,23,478551,6464887.2
1/25/23,13.7,13.8,13.5,13.5,17,66051,892496.8
1/24/23,13.4,13.8,13.4,13.7,18,17687,240534.2
1/23/23,13.2,13.6,13.1,13.4,33,40346,538157.2
1/20/23,13.1,13.5,13,13,47,96563,1260150.7
1/19/23,13.4,13.4,13.3,13.3,5,1506,20080.4
1/18/23,13.5,13.5,12.9,13,32,23399,304489
1/17/23,13.3,13.5,13,13,27,10834,141308.6
1/13/23,13.3,13.3,13,13.2,10,895,11804.5
1/12/23,13.1,13.2,13,13.1,9,2010,26232.3
1/11/23,13.1,13.1,12.9,13,26,10964,142518.5
1/10/23,13.1,13.1,13,13,11,5143,67020.6
1/9/23,13,13.1,13,13.1,4,4550,59200
1/5/23,13,13.3,12.9,12.9,48,34098,441694.6
1/4/23,13.1,13.4,13,13.4,20,15475,202285
1/3/23,13.2,13.8,13,13.1,22,15365,200556.1
1/2/23,13.5,13.5,13,13,36,43532,567026.4
12/30/22,13.5,13.5,13.1,13.2,16,26499,349735.6
12/29/22,13,13.2,12.9,13,24,31601,411223.3
12/28/22,13.2,13.2,12.8,13,29,6597,85535.6
12/27/22,13.9,13.9,13,13.1,65,47893,625177.4
12/23/22,13.8,13.8,13.2,13.5,14,4650,62728.7
12/22/22,13.5,13.5,13.1,13.2,56,16387,217115.4
12/21/22,13.9,13.9,13.5,13.6,11,1105,15118
12/20/22,13.9,13.9,13.5,13.5,24,206082,2782771
12/19/22,13.9,13.9,13.3,13.6,29,9809,134242.5
12/16/22,13.9,13.9,13.8,13.8,11,1560,21559
12/15/22,14,14.1,13.8,13.8,31,12426,171761.2
12/14/22,14,14,13.9,13.9,21,25374,353152.2
12/13/22,14.1,14.1,13.9,14,9,1808,25306.5
12/12/22,14.1,14.1,13.9,13.9,21,10075,140554
12/9/22,14.2,14.2,14.1,14.2,5,141,2001.2
12/8/22,14.1,14.1,13.8,13.8,16,1725,24100.4
12/6/22,14,14.1,13.7,14,26,43004,601607.8
12/5/22,14.1,14.3,13.9,13.9,21,19456,273118.7
12/2/22,13.8,14,13.7,14,22,7075,98535
12/1/22,13.8,14.2,13.7,14,33,229778,3216624.6
11/30/22,13.3,13.7,13.3,13.6,20,38776,522768.6
11/29/22,12.9,13.3,12.9,13,34,34399,448592.6
11/28/22,13,13,12.9,13,34,15819,205452.2
11/25/22,12.9,13,12.8,12.9,37,33518,432491.2
11/24/22,13,13.3,12.9,12.9,50,49409,640651.1
11/23/22,13,13.4,12.9,13.2,38,22190,288672
11/22/22,12.9,13.4,12.9,13.1,24,17632,230270.8
11/21/22,13.5,13.5,12.7,12.9,51,25085,323524.8
11/18/22,13.4,13.5,12.9,13,80,48886,637469.4
11/17/22,13.9,13.9,13.1,13.2,61,23926,319400.3
11/16/22,13.8,14.2,13.7,14,67,103503,1447750.6
11/15/22,13.9,14,13.8,13.8,63,89837,1251195.2
11/14/22,14.5,14.5,14,14,30,56144,789572.8
11/11/22,14,14.3,13.9,14,33,51143,718270.2
11/10/22,14.4,14.4,14,14,11,3256,45626.4
11/9/22,14.3,14.4,13.9,14,28,16021,223864.2
11/8/22,14,14.2,13.8,13.9,52,45328,632930.4
11/4/22,14,14,13.3,13.5,67,26931,365287.7
11/3/22,14,14.1,14,14,6,384,5377
11/2/22,13.6,14,13.6,14,3,710,9936
11/1/22,14,14,13.5,13.9,40,32127,443802.9
10/31/22,13.9,14.1,13.8,14,29,31446,437229.1
10/28/22,14,14.2,13.9,13.9,21,79061,1102706
10/27/22,14,14.1,14,14.1,6,10704,150729.8
10/26/22,13.9,14.1,13.7,13.9,22,15895,222328.7
10/25/22,13.9,14.1,13.8,13.9,19,2513,34942.3
10/21/22,14.1,14.3,13.9,13.9,30,5691,79637.4
10/20/22,14.5,14.5,14.2,14.2,9,3412,48797
10/19/22,14.5,14.6,14,14.5,21,20123,291181
10/18/22,14,14.5,14,14,15,8198,114827.3
10/17/22,14,14.1,13.9,14,26,11097,155457.9
10/14/22,14.6,14.7,13.5,14.5,72,117978,1610252.2
10/13/22,14.6,14.7,13.9,14,44,65978,924873.9
10/12/22,14,14.7,13.8,14.7,19,19302,269954.4
10/11/22,14.3,14.7,13.8,14.2,43,19152,271506.6
10/7/22,14,14.8,14,14.3,24,6481,91007.6
10/6/22,14.2,14.9,13.9,14,53,71354,1000581.9
10/5/22,14.9,15,14,14,95,125752,1785961.8
10/4/22,15.3,15.3,14.8,14.9,31,68077,1020909.6
10/3/22,15.5,15.5,14.8,15.1,42,64374,971658.9
9/30/22,15.8,15.8,15.4,15.5,71,186280,2886121.4
9/29/22,15.9,16.2,15.7,15.9,25,44114,706247.5
9/28/22,16,16,15.8,16,32,148127,2369010.2
9/27/22,16.3,16.3,16.1,16.2,27,13192,213199.5
9/26/22,16,16.1,15.8,16,31,57747,923985.4
9/23/22,16,16.3,15.9,16.3,36,133472,2160830.9
9/22/22,16,16.3,16,16.1,36,136984,2202808.8
9/21/22,16,16.2,16,16.1,22,109762,1770667.4
9/20/22,15.8,16.2,15.7,16,52,281192,4495900.4
9/19/22,15.8,15.8,15.5,15.5,34,11096,174103
9/16/22,16,16.2,15.8,15.9,31,22681,361553
9/15/22,16,16.2,15.8,16,27,117505,1879133.7
9/14/22,15.5,16.2,15.5,15.9,19,3363,53547.3
9/13/22,15.7,16.2,15.3,16,67,228699,3659131.7
9/12/22,15.7,16,15.5,15.5,32,16989,263989.4
9/9/22,15,16.1,15,16,74,220180,3509083.6
9/8/22,15.5,15.7,15.1,15.5,54,150177,2328405.5
9/7/22,15.7,15.7,15,15.5,26,52051,805640
9/6/22,15.5,15.5,15,15.2,35,25470,388974.3
9/5/22,15.8,15.9,15.6,15.7,29,60005,947610.9
9/2/22,15.5,16.8,15.5,16,77,272097,4345272
9/1/22,15.2,15.5,15.1,15.4,53,16690,255861.6
8/31/22,14.9,15.1,14.9,15.1,37,37380,562941.9
8/30/22,14.6,15,14.6,14.7,26,22459,330076.5
8/29/22,15,15,14.6,14.7,22,32193,475366.5
8/26/22,14.8,14.9,14.5,14.6,29,195995,2858642.8
8/25/22,14.5,15,14.4,14.5,34,91754,1329232.2
8/24/22,15.2,15.2,14.4,14.8,35,46413,682114.4
8/23/22,14.5,15,14,14.3,114,163788,2348114.2
8/22/22,14.9,15.5,14.8,15.2,132,397782,6063990.3
8/19/22,14.8,15,14.3,14.7,72,77662,1154079.7
8/18/22,14.2,14.9,13.9,14.8,76,56526,817520.2
8/17/22,14.7,14.7,14,14.2,51,30731,437625.2
8/16/22,15,15.2,14.4,14.8,119,56246,839344.2
8/15/22,13.5,15,13.5,14.6,100,92254,1342825.8
8/12/22,13.1,13.9,13,13.5,40,81902,1093313.3
8/10/22,13.8,13.8,13,13,88,333487,4339419.8
8/9/22,14.2,14.2,13,13.1,28,9046,119457.5
8/8/22,13.9,13.9,13,13,75,90720,1184676.1
8/5/22,13.7,13.7,13.2,13.3,45,111083,1485581.2
8/4/22,14.5,14.5,13.3,13.7,27,25580,346959
8/3/22,13,13.8,13,13.7,24,80100,1068634.3
8/2/22,13.1,13.1,12.9,13,54,27591,358883.2
8/1/22,13,13.1,13,13.1,23,12166,158674.6
7/29/22,13,13.1,13,13,22,25770,335055
7/28/22,13.1,13.3,13,13,17,2464,32147
7/27/22,13.3,13.3,13.1,13.1,10,6227,81778.7
7/27/22,13.3,13.3,13.1,13.1,10,6227,81778.7
7/26/22,13.4,13.4,13,13.1,4,1501,19613.4
7/25/22,13,13,12.9,12.9,23,17185,221821.5
7/22/22,13,13,12.9,13,15,10792,140196
7/21/22,13.5,13.5,13,13,55,152160,1978407.6
7/20/22,13,13.5,13,13.5,18,26458,347920
7/19/22,13,13,13,13,21,25605,332865
7/18/22,13,13,12.9,13,19,10308,133903
7/15/22,13.1,13.1,12.9,13.1,33,25589,331780.7
7/14/22,13,13,13,13,7,4336,56368
7/12/22,13.2,13.2,12.9,13,21,15105,196341.8
7/11/22,13.2,13.2,13.2,13.2,5,225,2970
7/8/22,13,13,12.9,13,9,4706,60972.7
7/7/22,13.1,13.1,12.9,13,13,3270,42389.1
7/6/22,12.9,13,12.8,12.8,33,7369,94920.8
7/5/22,13,13.4,13,13.3,21,14593,191459.8
7/4/22,13.2,13.5,13,13.2,23,12645,166597.9
7/1/22,13.6,13.6,13.3,13.6,12,10641,144187.6
6/30/22,13.3,13.6,13.2,13.6,7,5604,74774.9
6/29/22,13.4,13.4,13.2,13.3,4,350,4645.2
6/28/22,13.7,13.7,13,13.2,31,21018,280877.5
6/27/22,13.7,13.7,13.7,13.7,4,2336,32003.2
6/24/22,13.8,13.9,13.8,13.8,11,19620,270818
6/23/22,13.8,13.9,13.5,13.6,21,36812,502468.8
6/22/22,14,14,13.8,13.8,3,250,3460
6/21/22,13.5,13.9,13.4,13.9,15,116679,1597597.1
6/20/22,13.6,13.7,13.5,13.6,29,12532,169922.4
6/17/22,13.9,14,13.8,13.9,15,110772,1539676.8
6/16/22,14.1,14.3,14,14,8,10071,141407
6/15/22,14.2,14.2,14,14.1,8,14600,204570
6/13/22,14.2,14.2,14,14.1,14,6066,85388.2
6/10/22,14,14.2,14,14.2,4,10070,142388
6/9/22,14.6,14.6,14,14.2,11,3944,56989.4
6/8/22,14,14.7,13.8,14.5,30,19530,282664.6
6/7/22,14,14,13.5,13.9,19,19804,276528.5
6/6/22,14.3,14.5,14,14.1,34,47467,666993.2
6/3/22,14.2,14.2,14.1,14.2,9,100401,1425654.2
6/2/22,14,14.5,14,14.2,11,923,13111
6/1/22,14,14.2,14,14,22,139536,1953638.8
5/31/22,14,14.7,13.9,14,24,111708,1563674.5
5/30/22,14,14.1,14,14,16,30612,428871
5/27/22,14.8,14.8,14,14.1,14,6160,89559.5
5/26/22,14.4,14.4,14,14,8,31010,434186
5/25/22,14.2,14.2,14,14,14,108863,1525102
5/24/22,14.2,14.2,14,14.1,12,12589,176310.2
5/23/22,13.7,14.5,13.7,14.2,17,118090,1656086.6
5/20/22,14.2,14.2,13.7,14,16,30478,425476.2
5/19/22,14.3,14.3,13.8,14,22,78737,1101118
5/18/22,14.4,14.4,13.9,14,27,30387,429250.9
5/17/22,14.1,14.5,13.8,14,24,16552,233317.4
5/13/22,13.5,14,13.4,13.9,35,114434,1592795.5
5/12/22,13.3,13.5,13.2,13.3,46,31729,422162.6
5/9/22,13.4,13.4,13,13.3,15,43203,570091.8
5/6/22,13,13.3,13,13.1,20,57301,746117
5/5/22,13,13.4,13,13,21,111070,1444310
5/4/22,13,13.5,13,13,21,154188,2004661.8
4/29/22,13.5,13.5,13,13,48,433967,5643440.7
4/28/22,13,13.5,12.9,13,39,107599,1399644.6
4/27/22,12.6,13.1,12.6,13,73,260600,3385463.1
4/26/22,13,13,13,13,24,245000,3185000
4/25/22,13.5,13.5,13,13.4,24,21986,293946.4
4/8/22,14,14.2,13.5,13.6,60,210157,2877478
4/7/22,13.9,14.5,13.9,14.2,17,80202,1115933.3
4/6/22,14.5,14.5,14,14,30,37649,527475.9
4/5/22,14,14.5,13.9,14.4,35,148634,2118756.3
4/4/22,13.3,14.1,13.1,13.6,38,70161,950969.3
4/1/22,13.5,13.5,13.3,13.4,6,2277,30532.1
3/31/22,14.1,14.1,13.4,13.6,58,30177,410285.6
3/30/22,14.5,14.5,13.5,13.8,95,44143,613681.3
3/29/22,14.9,15.1,14.5,14.5,39,102132,1517137.1
3/28/22,14.8,15.4,14.8,14.9,71,188287,2804850.7
3/25/22,15.5,15.5,15,15.5,49,66617,1016653
3/24/22,15.7,15.7,15.2,15.2,32,49079,747688
3/23/22,15.6,15.8,15.3,15.3,41,13324,207323.5
3/22/22,15.7,15.7,15.4,15.5,31,6353,98561
3/21/22,15.7,15.7,15.4,15.5,30,32570,506666.9
3/18/22,15.9,15.9,15.2,15.2,49,79796,1218042.3
3/16/22,15.5,15.5,14.8,15,74,514397,7716692.6
3/15/22,15.5,15.6,14.9,14.9,46,134297,2023035.9
3/14/22,15.1,15.8,15,15.4,26,20181,306118.8
3/11/22,15.9,15.9,15,15.6,78,239133,3630998.4
3/10/22,15,15.9,15,15.8,49,58528,909558.7
3/9/22,15,15.2,14.7,14.8,105,161006,2406154.4
3/8/22,16,16,15,15,96,141662,2141956.4
3/7/22,15.9,16,15.7,15.7,25,45584,720402.2
3/4/22,15.8,15.9,15.5,15.8,104,117781,1839095
3/3/22,16,16.2,15.7,15.9,105,120437,1898860.1
3/2/22,16,16.4,16,16,36,17728,284138
2/28/22,16.4,16.4,16,16.3,61,95188,1546998.9
2/25/22,16,16.2,15.8,16.1,74,50155,802241.3
2/24/22,16.1,16.7,16,16,82,2207705,35651227.3
2/23/22,16.1,16.3,15.8,16.1,107,440163,7083999.4
2/22/22,16.3,16.9,16.2,16.2,48,71950,1169838.5
2/21/22,16.3,16.5,16,16.2,151,198857,3202868
2/18/22,16.7,16.8,16.2,16.3,88,1095352,18035860.3
2/17/22,16.1,16.9,16.1,16.6,64,273280,4443594.1
2/15/22,16.8,16.8,16.1,16.4,142,156557,2572222.5
2/14/22,16.9,16.9,16.6,16.7,68,36319,606890.9
2/11/22,16.6,16.9,16.3,16.5,71,51672,855515.1
2/10/22,16.3,16.9,16.3,16.5,106,79265,1305540.8
2/9/22,16.7,17,16.3,16.5,202,488386,8081082.3
2/8/22,17,17,16.6,16.7,130,136581,2280964.2
2/7/22,17.1,17.1,16.9,16.9,44,16904,287010.3
2/3/22,17.1,17.1,16.8,16.9,144,133798,2259087.8
2/2/22,17.1,17.4,16.6,17,127,784529,13356034.9
2/1/22,17.4,17.4,17.1,17.2,51,151713,2619162.8
1/31/22,17.5,17.6,17.1,17.3,59,85098,1468157
1/28/22,17.2,17.5,17,17.4,92,211255,3605306.3
1/27/22,17.4,17.7,17.2,17.2,73,88686,1535027.3
1/26/22,17.4,17.8,17.1,17.5,93,211910,3696078.3
1/25/22,18.1,18.1,17.3,17.5,98,1845106,32297327.2
1/24/22,18.4,18.4,17.7,18,89,107306,1928601.3
1/21/22,18,18.5,18,18.2,60,56783,1025285.2
1/20/22,17.9,18.2,17.8,17.9,80,246467,4449056.5
1/19/22,18,18,17.7,17.9,83,68301,1217940.8
1/18/22,17.9,18.2,17.8,17.9,69,303954,5471086.8
1/13/22,17.6,18,17.6,17.7,56,159476,2811026.7
1/12/22,18,18,17.5,17.8,64,75238,1326828.2
1/11/22,18.1,18.4,17.5,17.9,116,296283,5327280.7
1/10/22,18.5,19,17.9,18.1,148,541233,9988846.9
1/7/22,19,19.2,18.4,18.7,169,634086,11940381.1
1/6/22,18.4,19.3,18.4,19,182,1285296,24316321.1
1/5/22,18.1,19.2,18.1,18.8,523,2025599,38172073.5
1/4/22,17.5,18.5,17,18.1,238,1506358,26655054.5
1/3/22,17.5,17.5,17,17.2,77,240588,4122556.4
12/31/21,17.2,17.4,17,17,107,722025,12294799.1
12/30/21,17.4,17.6,17.1,17.1,60,116289,2016057
12/29/21,17.2,17.4,17.1,17.2,80,143005,2468607.4
12/28/21,17,17.4,16.9,17,69,1275657,21689260.5
12/27/21,17,17.4,16.8,17,133,2017915,34288488.5
12/24/21,17,17.4,16.8,17,44,175782,2989002.6
12/23/21,17,17,16.7,16.8,79,148297,2484416.6
12/22/21,16.8,17,16.7,16.8,68,155585,2612807.5
12/21/21,16.9,16.9,16.5,16.8,57,160526,2688283.9
12/20/21,16.9,17.1,16.5,16.6,157,238254,3986339.1
12/17/21,16.8,16.9,16.7,16.8,80,210000,3524448
12/16/21,17,17.1,16.7,16.8,49,48318,812934.2
12/15/21,17,17,16.7,16.7,115,102523,1719959.7
12/14/21,17,17,16.8,16.9,77,113483,1923712.3
12/13/21,17,17.2,16.8,17,79,566630,9629582.4
12/10/21,17,17.4,16.8,17,100,179983,3059199
12/9/21,16.7,17.2,16.7,17,62,103486,1758757.8
12/8/21,17,17,16.6,16.8,146,743226,12481853.3
12/7/21,16.6,17,16.6,17,56,39086,657344.6
12/6/21,17,17,16.6,16.6,93,106818,1803409.6
12/3/21,16.8,16.8,16.5,16.8,159,285665,4740690.2
12/2/21,16.8,16.9,16.7,16.8,100,80713,1353263.9
12/1/21,16.8,17,16.7,16.9,136,143629,2417016.5
11/30/21,16.8,16.9,16.7,16.8,143,220893,3702292.8
11/29/21,16.9,17,16.7,16.9,89,67842,1141750
11/26/21,17,17.1,16.5,16.8,239,526069,8797661.1
11/25/21,17,17.4,16.9,17,91,94961,1616633.5
11/24/21,17,17.2,16.9,17.1,86,105157,1791819.8
11/23/21,17,17.4,17,17,128,206778,3517181.4
11/22/21,17.2,17.5,17,17.1,193,245641,4212755.6
11/19/21,17.5,17.7,17.3,17.5,146,330590,5773794.9
11/17/21,17.5,17.6,17.3,17.4,136,291014,5071201.7
11/16/21,17.5,17.7,17.4,17.5,143,183294,3207456
11/15/21,17.1,17.6,17.1,17.5,251,479350,8331704.6
11/12/21,18,18,17.8,17.9,148,190670,3415137.1
11/11/21,18,18.4,17.7,17.7,229,379331,6775538.4
11/10/21,17.5,17.6,17.3,17.4,86,212609,3709049.8
11/9/21,17.8,17.8,16.9,17.1,332,500152,8654858.3
11/8/21,18,18,17.5,17.6,160,239636,4216477.3
11/5/21,17.9,17.9,17.6,17.6,191,1545080,27090759.3
11/3/21,18,18.2,17.6,17.7,213,293168,5222423.6
11/2/21,17.9,18,17.7,17.8,251,508778,9070473.3
11/1/21,18,18.3,17.8,17.8,221,391140,6976278.2
10/29/21,17.9,18.2,17.8,18,243,416974,7485542.1
10/28/21,18.5,18.5,18,18.1,208,452520,8220403.1
10/27/21,18.4,19.1,18,18.1,1039,14593058,260080522.1
10/26/21,18,18.5,17.7,18.2,307,1612357,29439310.9
10/25/21,18,18,17.7,17.7,141,195621,3478560.4
10/22/21,17.8,17.9,17.7,17.8,100,113003,2013881.5
10/21/21,17.9,18,17.7,17.8,125,196264,3494429.6
10/18/21,18,18,17.8,17.8,179,342353,6111927.6
10/15/21,17.9,18,17.9,17.9,89,69527,1247438.5
10/14/21,18,18.2,17.9,18,62,98368,1770680.8
10/13/21,18,18,17.9,17.9,65,122818,2201922.8
10/12/21,18,18.4,17.9,18,105,255379,4618310.3
10/11/21,18,18.5,17.8,17.9,167,317197,5688581
10/8/21,18,18.1,17.9,18,67,166660,2999832.5
10/7/21,18,18.1,17.9,18,61,165576,2982606.8
10/6/21,18,18.2,18,18,68,356594,6422399.2
10/5/21,18,18,17.9,18,101,199812,3585322.6
10/4/21,18,18.1,17.9,18,52,602510,10844882.6
10/1/21,18.4,18.4,17.9,18,117,885742,15951568.2
9/30/21,18,18.7,17.9,18,323,2625547,47414289.5
9/29/21,18.2,18.2,17.9,18,88,417705,7514979.6
9/28/21,18.2,18.2,17.9,18,85,162222,2920733.1
9/27/21,18,18.2,18,18.2,56,196652,3542722.8
9/24/21,18.4,18.4,18,18,29,70182,1264579.6
9/23/21,18.3,18.5,17.9,17.9,44,37356,672218.8
9/22/21,18.3,18.3,17.9,18.1,44,26110,470792.9
9/21/21,18.5,18.5,18.2,18.3,27,9535,174182.4
9/17/21,18.5,18.5,18,18.1,76,110770,2003144
9/16/21,18.2,18.4,18,18.1,21,23840,432017.3
9/15/21,18,18.4,18,18.2,43,26471,480817.3
9/14/21,18.1,18.2,17.9,17.9,61,38466,692351.4
9/13/21,18.5,18.5,17.8,18,75,60557,1084978.5
9/10/21,18.6,18.6,18.1,18.2,39,14289,261425.7
9/9/21,18.4,18.6,18,18.1,40,94444,1702218
9/8/21,18.2,18.4,17.9,18.1,77,63145,1140687.2
9/7/21,18,18.2,18,18,62,71039,1279720.9
9/6/21,18.9,18.9,18,18,124,2389051,43081464.3
9/3/21,18.5,19.3,18,18,197,5770148,104211983.7
9/2/21,18.5,18.5,18.3,18.5,45,23071,425236
9/1/21,18,18.5,17.8,18.1,59,49166,882273.3
8/31/21,17.9,18,17.7,17.8,87,203227,3619511.8
8/30/21,18,18,17.7,17.8,267,285184,5102813.8
8/27/21,18.5,18.5,18,18.1,216,233388,4249683.7
8/26/21,18.6,18.6,18.4,18.5,89,133573,2471296.4
8/25/21,18.7,19,18.5,18.5,65,33306,618229.5
8/24/21,18.8,19,18.6,18.9,43,43738,825534.1
8/23/21,18.9,19,18.3,18.6,114,85793,1591353.2
8/20/21,18.7,18.7,18.5,18.5,117,65490,1212658.1
8/19/21,18.8,18.8,18.6,18.7,46,27028,506676.4
8/18/21,19,19,18.6,18.9,89,60216,1128487.3
8/17/21,18.9,19,18.9,18.9,29,36172,683828.4
8/16/21,19.5,19.6,19,19,30,54906,1068425.6
8/13/21,18.8,19,18.7,18.9,69,62111,1166433.8
8/12/21,19.2,19.2,18.8,18.8,80,47312,891403.9
8/11/21,19.2,19.2,19.1,19.2,24,4352,83505
8/10/21,19,19.3,19,19.2,45,42590,813495.4
8/9/21,19.4,19.5,19,19.4,44,14835,284065.4
8/6/21,19.4,19.5,18.9,19.3,64,54059,1041014.8
8/5/21,19.5,19.6,19,19,168,184609,3514260.5
8/4/21,19.6,19.8,19.5,19.5,33,127024,2486823.1
8/3/21,19.5,19.9,19,19.5,54,90394,1751244.9
8/2/21,19.6,19.6,19,19.4,139,183459,3508164
7/30/21,19.9,20.1,19.4,19.6,74,98967,1955326.5
7/29/21,19.6,19.9,19.5,19.8,48,66879,1313862.9
7/28/21,19.5,19.6,19.1,19.2,73,107813,2083327
7/27/21,19.5,19.5,19.3,19.5,56,72870,1416543.5
7/26/21,19.8,19.8,19.5,19.5,50,51413,1007841.7
7/22/21,19.7,19.9,19.5,19.8,39,26560,526874.2
7/20/21,19.7,19.9,19.6,19.8,35,16388,324111
7/19/21,19.9,19.9,19.6,19.6,70,52324,1031308.5
7/16/21,19.7,19.9,19.7,19.9,42,21998,436390.7
7/15/21,19.7,19.7,19.5,19.6,62,148300,2893149.8
7/14/21,19.7,19.7,19.4,19.4,42,28490,554326.8
7/13/21,19.3,19.3,19.2,19.3,28,40097,773114.4
7/12/21,19.6,19.6,19.3,19.3,44,42053,817734.1
7/9/21,19.8,19.9,19.3,19.4,51,71162,1386262.1
7/8/21,19.5,19.9,19.4,19.6,16,32509,634186.3
7/7/21,19.3,19.5,19.2,19.5,23,46105,898661.5
7/6/21,19.3,19.5,19.2,19.2,27,33129,636198.9
7/5/21,19.1,19.2,19,19,174,107957,2055069.3
7/2/21,19.3,19.3,19.1,19.2,65,25552,488638.4
7/1/21,19.3,19.5,19.1,19.1,134,74719,1432982.1
6/30/21,19.5,19.5,19.2,19.3,66,51078,983832.8
6/29/21,19.5,19.6,19.3,19.5,82,137677,2679964.1
6/28/21,19.7,19.7,19.5,19.5,93,88160,1725755.2
6/25/21,19.7,19.7,19.6,19.7,32,49421,973574.7
6/23/21,19.9,19.9,19.5,19.7,103,98839,1934544.6
6/22/21,20,20,19.6,19.8,105,68657,1356529.3
6/21/21,20.5,20.5,20.3,20.4,115,153100,3121496.5
6/18/21,20.7,20.8,20.4,20.4,167,245038,5016890.6
6/17/21,21.3,21.3,20.6,20.8,115,111925,2330062.3
6/16/21,21.1,21.4,20.8,21,79,60797,1281779.7
6/15/21,21.5,21.5,20.8,20.9,96,63851,1341348.4
6/14/21,21.8,21.9,21.1,21.3,150,232351,4975921.3
6/11/21,21.3,21.4,21.1,21.1,49,42405,901754
6/10/21,21,21.7,21,21.3,121,204483,4379117.2
6/9/21,20.5,21.1,20.5,21,102,291820,6119323.4
6/8/21,20.6,20.6,20.5,20.5,23,28647,587363.7
6/7/21,20,20.9,20,20.7,55,122631,2520256.2
6/4/21,20.9,20.9,20,20,43,215912,4322239.4
6/3/21,20,20.5,19.8,20,67,528666,10579778.6
6/2/21,19.9,20,19.9,20,33,70681,1413267.2
6/1/21,20,20,19.8,19.9,28,41966,835170.8
5/31/21,19.9,20,19.8,19.9,45,137834,2743001.4
5/28/21,19.9,20,19.9,19.9,20,24150,481290
5/25/21,19.9,20,19.8,20,14,21181,421506.8
5/24/21,19.9,19.9,19.5,19.9,14,9361,185668.7
5/21/21,19.6,19.9,19.3,19.8,38,15164,295729.4
5/20/21,19.9,19.9,19.5,19.8,24,4881,96199.6
5/19/21,20,20,19.9,19.9,17,3751,74971.2
5/18/21,19.9,20,19.6,20,55,1287292,25726987.5
5/17/21,19.9,19.9,19.6,19.9,18,6560,129588.4
5/13/21,19.4,20,19.4,19.4,8,3115,60464.2
5/12/21,20,20,19,19.5,77,560713,10671117.8
5/11/21,19.9,19.9,19.5,19.6,58,67009,1321861.7
5/10/21,20.3,20.3,19.7,19.8,39,29910,597393.5
5/7/21,20.3,20.5,20.2,20.4,22,20092,408458
5/6/21,20,20.5,20,20.3,17,51004,1033290.8
5/5/21,19.8,19.9,19.8,19.9,16,17902,356249.6
5/4/21,20,20.5,19.8,20,12,44067,888240
5/3/21,19.6,20.7,19.6,20.5,52,148260,2991673.5
4/30/21,19.9,19.9,19.7,19.7,26,18128,357239.7
4/29/21,19.9,19.9,19.7,19.7,32,23786,469784.8
4/28/21,19.7,20,19.7,19.7,29,44737,884410.4
4/27/21,19.9,20,19.7,19.8,37,41024,817730.3
4/23/21,20,20.5,19.9,20,24,11441,228874.7
4/22/21,20.5,20.6,20,20.1,31,8918,180107.3
4/21/21,20.7,20.7,20.5,20.5,10,433,8888.7
4/20/21,20.6,20.7,20.1,20.1,50,185202,3785492.5
4/19/21,21,21,20.6,20.7,25,9085,188660.5
4/16/21,21,21,20.5,20.8,40,79393,1637489
4/15/21,20.9,21.2,20.3,20.6,41,28254,584198.3
4/12/21,20.1,21,20.1,20.9,21,17758,367931
4/9/21,20.1,20.5,20,20.2,34,43038,872528.6
4/8/21,20.4,20.4,20.1,20.2,36,54013,1091009.6
4/7/21,20.8,20.8,20.2,20.2,25,27435,554336.2
4/6/21,20.2,20.8,19.9,20.5,41,185653,3795336.1
4/5/21,20.1,20.2,20,20.2,11,12479,250824
4/1/21,19.8,20.3,19.6,19.7,25,10021,197657.1
3/31/21,19.9,20,19.8,19.9,30,64283,1281495.1
3/30/21,19.9,19.9,19.7,19.9,22,10798,214308.6
3/29/21,20,20,19.8,19.8,9,3315,65672.2
3/26/21,19.9,20,19.8,19.9,15,3252,64595
3/25/21,20,20,19.7,19.8,28,21121,420488.2
3/24/21,19.5,20,19.5,20,28,52574,1048133
3/23/21,20,20,19.5,19.8,28,15499,304417
3/22/21,19.7,19.9,19.5,19.9,25,10544,207075.3
3/19/21,19.5,19.9,19.5,19.8,20,36827,728203
3/18/21,19.9,19.9,19.5,19.5,54,132664,2587589.3
3/17/21,19.9,20,19.8,19.8,16,4245,84284.1
3/16/21,20.4,20.4,19.5,19.9,51,73584,1442187.7
3/15/21,20.9,20.9,20,20,35,19822,396745
3/12/21,21,21,20,20.4,39,127725,2606134.9
3/10/21,21.4,21.4,20.4,20.4,6,1704,35395.3
3/9/21,21.2,21.3,20.8,20.8,25,21271,445767.8
3/8/21,20,21.2,20,21,71,404871,8433963.1
3/5/21,19.6,20.1,19.6,19.9,43,48695,966932.1
3/4/21,20,20,19.5,19.6,61,37507,734640.7
3/3/21,20.1,20.8,19.9,19.9,49,22704,454136.2
3/2/21,21.2,21.2,20,20,48,33663,680621.7
3/1/21,21,21.3,20,20.9,55,36519,762364.5
2/25/21,20.7,21.1,20.7,21.1,28,42514,890606.3
2/24/21,20,21.4,20,20.7,27,9131,191620.4
2/23/21,20.6,20.8,20,20,93,126650,2540005.1
2/22/21,21.1,21.1,20.5,20.7,33,22669,472283
2/19/21,20.8,21.3,20.2,21.2,58,215073,4541722.6
2/18/21,21,21,20,20.5,28,34774,726834.7
2/17/21,20.3,20.5,19.8,20,70,83091,1661173.1
2/16/21,20.9,21,20,20.1,77,56353,1150302.2
2/15/21,21.8,21.8,20.8,20.9,84,84376,1775627.2
2/12/21,21.8,21.8,20.8,21.2,79,143716,3045329.6
2/11/21,21.4,21.7,19.2,19.7,159,153900,3037310.1
2/10/21,21,21.4,19.9,20,167,498446,10026865.8
2/9/21,21,21,20.2,20.4,100,94566,1928376.8
2/8/21,21,21.5,20.5,20.5,110,80549,1662984.2
2/5/21,21.5,22,20.9,20.9,144,218335,4608507.7
2/3/21,21.1,22,20.9,21.2,194,1193503,25247481.1
2/2/21,22.5,22.5,21,21,151,375306,8000793.2
2/1/21,23,23.5,22.5,22.6,123,218884,4974160.1
1/29/21,23.3,24,23,23,86,169327,3918071.2
1/27/21,23.5,24,23.1,23.1,101,276310,6445551.6
1/26/21,24.3,24.5,23.5,23.7,136,497368,11908428
1/25/21,24,24.4,23.8,24.1,244,1923805,46200883.7
1/22/21,23.3,24.6,23.1,24.5,309,4162753,100869720.9
1/21/21,23.3,23.3,22.9,23.1,96,542753,12537419.7
1/20/21,23.1,23.5,22.5,23.3,135,491847,11424788.8
1/19/21,24.4,24.4,23,23.2,227,1401664,33044527.9
1/18/21,24.5,24.5,23.6,23.8,231,502122,12096381
1/15/21,23,24.5,23,24.3,426,2448700,58968656.6
1/13/21,23,23.5,22.8,22.9,308,3680531,84613138.6
1/12/21,22.9,22.9,22.2,22.4,139,579709,12992290.4
1/11/21,22.8,23,22.5,22.9,178,1471205,33720750.4
1/8/21,21.8,23,21.7,22.9,424,1636365,36968693.3
1/7/21,21.5,22,21.5,21.5,64,398646,8584545.6
1/6/21,21.3,21.7,21,21.5,104,741923,15924466.9
1/5/21,21,21.7,20.9,21.3,139,773715,16275712.8
1/4/21,20.6,20.9,20.4,20.8,51,130623,2714316.1
12/31/20,20.7,20.7,20.4,20.5,82,279785,5731825.7
12/30/20,20.5,20.7,20.5,20.5,51,88601,1817303
12/28/20,20.8,20.8,20.4,20.5,65,157059,3228657.2
12/24/20,20.6,21,20.6,20.6,31,43760,902756.6
12/23/20,20.7,20.8,20.5,20.5,84,84953,1747221.4
12/22/20,20.8,20.9,20.6,20.7,53,62006,1284993.4
12/21/20,21,21,20.7,20.7,45,24498,508547.4
12/18/20,20.6,21,20.5,20.8,44,30486,628497.4
12/17/20,21,21,20.5,20.5,66,1516236,31619068.2
12/16/20,21.1,21.1,20.9,21,32,65414,1373116.8
12/15/20,21.5,21.5,21,21,84,503516,10591660
12/14/20,21.5,21.7,21.1,21.3,158,970266,20769953.5
12/11/20,21.5,21.5,21,21.1,119,621105,13110468.6
12/10/20,21.2,21.4,21,21,54,102901,2164794.8
12/9/20,21.2,21.4,20.9,21,68,183587,3868347
12/8/20,21.1,21.4,21.1,21.1,110,1099373,23256281.1
12/7/20,21.5,21.6,21.2,21.3,57,152615,3248242.5
12/4/20,21.6,21.6,21.1,21.5,90,680905,14617840.7
12/3/20,21.4,21.8,21,21.5,75,169924,3614347.5
12/2/20,21.3,22,21.3,21.4,246,2920907,62895303.5
12/1/20,21.3,21.6,21,21.2,165,2625405,56376284.9
11/30/20,21.5,21.8,21.1,21.5,261,1979428,42546886.9
11/27/20,20.9,21.4,20.5,21.1,166,346987,7264519.5
11/26/20,20.7,21.3,20.5,20.7,170,2193292,45631667.5
11/25/20,20.4,20.7,20.1,20.5,246,2585693,52377943.6
11/24/20,20,20.3,20,20.1,163,1326102,26614774.9
11/23/20,20.6,20.6,20,20.1,244,981919,19762344.5
11/20/20,19.5,22,19.5,20.6,1173,4258731,89302327.7
11/19/20,19.1,19.9,19,19.5,264,1316135,25649083.1
11/18/20,18.3,19.2,18.3,19,168,659455,12482997.7
11/17/20,18.2,18.4,18.2,18.3,20,20044,366663.4
11/16/20,18.6,18.6,18,18.3,27,21307,387480
11/13/20,18.8,19,18.1,18.5,94,605359,11344607.5
11/12/20,18,18.7,17.7,18.7,113,573233,10577316.5
11/11/20,18,18,17.5,17.9,47,75514,1337885.6
11/10/20,18.1,18.1,17.6,17.6,93,98913,1759671.1
11/9/20,18.4,18.4,17.9,18.1,40,89271,1630527.9
11/6/20,18.2,18.5,17.8,18.4,51,114662,2087111.2
11/5/20,18.2,18.6,18,18.2,114,338263,6210111.3
11/4/20,17.6,18.1,17.5,18,41,121169,2159681.7
11/3/20,17.3,17.6,17.2,17.6,54,180947,3171837.3
11/2/20,17.5,17.5,17,17.3,31,16260,280650.6
